goal,target,indicator,seriesCode,seriesDesc,release,geoAreaCode,geoAreaName,parentCode,parentName,type,ISO3,UN_Member,X,Y,basePeriod,unitsCode,unitsDesc,unitmultiplierCode,unitmultiplierDesc,reportingTypeCode,reportingTypeDesc,valueDetails,footnotes,sources,timeDetails,nature,value_2000,value_2005,value_2010,value_2015,value_latest_year,latest_year,ObjectId
15,15.1,15.1.1,AG_LND_FRSTN,Forest area (thousands of hectares),2019.Q3.G.01,438,Liechtenstein,155,Western Europe,Country,LIE,1,9.552985019,47.14167005,,HA_TH,Thousands of hectares,,,G,Global,,FAO Estimate,"FAO, Global Forest Resources Assessment",,E: Estimated data,6.9,6.9,6.9,6.9,6.9,2015,1
15,15.1,15.1.1,AG_LND_FRSTN,Forest area (thousands of hectares),2019.Q3.G.01,4,Afghanistan,34,Southern Asia,Country,AFG,1,66.02688198,33.83160199,,HA_TH,Thousands of hectares,,,G,Global,,FAO Estimate,"FAO, Global Forest Resources Assessment",,E: Estimated data,1350,1350,1350,1350,1350,2015,2
15,15.1,15.1.1,AG_LND_FRSTN,Forest area (thousands of hectares),2019.Q3.G.01,440,Lithuania,154,Northern Europe,Country,LTU,1,23.90517807,55.33680309,,HA_TH,Thousands of hectares,,,G,Global,,Official country data submitted to FAO,"FAO, Global Forest Resources Assessment",,C: Country data,2020,2121,2170,2180,2180,2015,3
15,15.1,15.1.1,AG_LND_FRSTN,Forest area (thousands of hectares),2019.Q3.G.01,8,Albania,39,Southern Europe,Country,ALB,1,20.06660928,41.13897007,,HA_TH,Thousands of hectares,,,G,Global,,FAO Estimate,"FAO, Global Forest Resources Assessment",,E: Estimated data,769.3,782.4,776.3,771.5,771.5,2015,4
15,15.1,15.1.1,AG_LND_FRSTN,Forest area (thousands of hectares),2019.Q3.G.01,442,Luxembourg,155,Western Europe,Country,LUX,1,6.092656563,49.77679538,,HA_TH,Thousands of hectares,,,G,Global,,FAO Estimate,"FAO, Global Forest Resources Assessment",,E: Estimated data,86.7,86.7,86.7,86.7,86.7,2015,5
15,15.1,15.1.1,AG_LND_FRSTN,Forest area (thousands of hectares),2019.Q3.G.01,10,Antarctica,1,World,Country,ATA,0,21.47585697,-80.40897662,,,,,,,,,,,,,,,,,,,6
15,15.1,15.1.1,AG_LND_FRSTN,Forest area (thousands of hectares),2019.Q3.G.01,446,"China, Macao Special Administrative Region",30,Eastern Asia,Country,MAC,0,113.5665388,22.1237259,,HA_TH,Thousands of hectares,,,G,Global,[2000]: NA // [2005]: NA // [2010]: NA // [2015]: NA,NA = A figure was not provided.,"FAO, Global Forest Resources Assessment",,N: Non-relevant,,,,,,2015,7
15,15.1,15.1.1,AG_LND_FRSTN,Forest area (thousands of hectares),2019.Q3.G.01,12,Algeria,15,Northern Africa,Country,DZA,1,2.678164227,28.15940032,,HA_TH,Thousands of hectares,,,G,Global,,Official country data submitted to FAO,"FAO, Global Forest Resources Assessment",,C: Country data,1579,1536,1918,1956,1956,2015,8
15,15.1,15.1.1,AG_LND_FRSTN,Forest area (thousands of hectares),2019.Q3.G.01,450,Madagascar,14,Eastern Africa,Country,MDG,1,46.6982339,-19.38514785,,HA_TH,Thousands of hectares,,,G,Global,,Official country data submitted to FAO,"FAO, Global Forest Resources Assessment",,C: Country data,13023,12838,12553,12473,12473,2015,9
15,15.1,15.1.1,AG_LND_FRSTN,Forest area (thousands of hectares),2019.Q3.G.01,16,American Samoa,61,Polynesia,Country,ASM,0,-170.7187269,-14.30587306,,HA_TH,Thousands of hectares,,,G,Global,,FAO Estimate,"FAO, Global Forest Resources Assessment",,E: Estimated data,18.05,17.881,17.712,17.543,17.543,2015,10
15,15.1,15.1.1,AG_LND_FRSTN,Forest area (thousands of hectares),2019.Q3.G.01,454,Malawi,14,Eastern Africa,Country,MWI,1,33.4884625,-13.40819859,,HA_TH,Thousands of hectares,,,G,Global,,Official country data submitted to FAO,"FAO, Global Forest Resources Assessment",,C: Country data,3567,3402,3237,3147,3147,2015,11
15,15.1,15.1.1,AG_LND_FRSTN,Forest area (thousands of hectares),2019.Q3.G.01,20,Andorra,39,Southern Europe,Country,AND,1,1.576257417,42.54548611,,HA_TH,Thousands of hectares,,,G,Global,,FAO Estimate,"FAO, Global Forest Resources Assessment",,E: Estimated data,16,16,16,16,16,2015,12
15,15.1,15.1.1,AG_LND_FRSTN,Forest area (thousands of hectares),2019.Q3.G.01,458,Malaysia,35,South-Eastern Asia,Country,MYS,1,116.8346314,5.452415309,,HA_TH,Thousands of hectares,,,G,Global,,Official country data submitted to FAO,"FAO, Global Forest Resources Assessment",,C: Country data,21591,20890,22124,22195,22195,2015,13
15,15.1,15.1.1,AG_LND_FRSTN,Forest area (thousands of hectares),2019.Q3.G.01,24,Angola,17,Middle Africa,Country,AGO,1,17.57817062,-12.33724746,,HA_TH,Thousands of hectares,,,G,Global,,Official country data submitted to FAO,"FAO, Global Forest Resources Assessment",,C: Country data,59728,59104,58480,57856,57856,2015,14
15,15.1,15.1.1,AG_LND_FRSTN,Forest area (thousands of hectares),2019.Q3.G.01,462,Maldives,34,Southern Asia,Country,MDV,1,73.09672546,-0.614385021,,HA_TH,Thousands of hectares,,,G,Global,,FAO Estimate,"FAO, Global Forest Resources Assessment",,E: Estimated data,1,1,1,1,1,2015,15
15,15.1,15.1.1,AG_LND_FRSTN,Forest area (thousands of hectares),2019.Q3.G.01,28,Antigua and Barbuda,29,Caribbean,Country,ATG,1,-61.7999755,17.07761471,,HA_TH,Thousands of hectares,,,G,Global,,FAO Estimate,"FAO, Global Forest Resources Assessment",,E: Estimated data,10,9.8,9.8,9.8,9.8,2015,16
15,15.1,15.1.1,AG_LND_FRSTN,Forest area (thousands of hectares),2019.Q3.G.01,31,Azerbaijan,145,Western Asia,Country,AZE,1,50.01064725,40.39229544,,HA_TH,Thousands of hectares,,,G,Global,,FAO Estimate,"FAO, Global Forest Resources Assessment",,E: Estimated data,871.8,877.2,1008.3,1139.4,1139.4,2015,17
15,15.1,15.1.1,AG_LND_FRSTN,Forest area (thousands of hectares),2019.Q3.G.01,32,Argentina,5,South America,Country,ARG,1,-65.14563274,-35.19446255,,HA_TH,Thousands of hectares,,,G,Global,,Official country data submitted to FAO,"FAO, Global Forest Resources Assessment",,C: Country data,31860,30186,28596,27112,27112,2015,18
15,15.1,15.1.1,AG_LND_FRSTN,Forest area (thousands of hectares),2019.Q3.G.01,36,Australia,53,Australia and New Zealand,Country,AUS,1,134.3499412,-25.57717202,,HA_TH,Thousands of hectares,,,G,Global,,Official country data submitted to FAO,"FAO, Global Forest Resources Assessment",,C: Country data,128841,127641,123211,124751,124751,2015,19
15,15.1,15.1.1,AG_LND_FRSTN,Forest area (thousands of hectares),2019.Q3.G.01,40,Austria,155,Western Europe,Country,AUT,1,14.14172472,47.58704857,,HA_TH,Thousands of hectares,,,G,Global,,Official country data submitted to FAO,"FAO, Global Forest Resources Assessment",,C: Country data,3838,3851,3860,3869,3869,2015,20
15,15.1,15.1.1,AG_LND_FRSTN,Forest area (thousands of hectares),2019.Q3.G.01,44,Bahamas,29,Caribbean,Country,BHS,1,-78.05111663,24.69546597,,HA_TH,Thousands of hectares,,,G,Global,,FAO Estimate,"FAO, Global Forest Resources Assessment",,E: Estimated data,515,515,515,515,515,2015,21
15,15.1,15.1.1,AG_LND_FRSTN,Forest area (thousands of hectares),2019.Q3.G.01,48,Bahrain,145,Western Asia,Country,BHR,1,50.5490754,26.04407747,,HA_TH,Thousands of hectares,,,G,Global,,FAO Estimate,"FAO, Global Forest Resources Assessment",,E: Estimated data,0.371,0.448,0.526,0.604,0.604,2015,22
15,15.1,15.1.1,AG_LND_FRSTN,Forest area (thousands of hectares),2019.Q3.G.01,50,Bangladesh,34,Southern Asia,Country,BGD,1,89.17660788,22.86961622,,HA_TH,Thousands of hectares,,,G,Global,,Official country data submitted to FAO,"FAO, Global Forest Resources Assessment",,C: Country data,1468,1455,1442,1429,1429,2015,23
15,15.1,15.1.1,AG_LND_FRSTN,Forest area (thousands of hectares),2019.Q3.G.01,51,Armenia,145,Western Asia,Country,ARM,1,44.93839317,40.29499741,,HA_TH,Thousands of hectares,,,G,Global,,Official country data submitted to FAO,"FAO, Global Forest Resources Assessment",,C: Country data,333,332,331,332,332,2015,24
15,15.1,15.1.1,AG_LND_FRSTN,Forest area (thousands of hectares),2019.Q3.G.01,52,Barbados,29,Caribbean,Country,BRB,1,-59.5346489,13.13648273,,HA_TH,Thousands of hectares,,,G,Global,,Official country data submitted to FAO,"FAO, Global Forest Resources Assessment",,C: Country data,6.3,6.3,6.3,6.3,6.3,2015,25
15,15.1,15.1.1,AG_LND_FRSTN,Forest area (thousands of hectares),2019.Q3.G.01,56,Belgium,155,Western Europe,Country,BEL,1,4.660976456,50.64104975,,HA_TH,Thousands of hectares,,,G,Global,,Official country data submitted to FAO,"FAO, Global Forest Resources Assessment",,C: Country data,667.3,674.2,681.2,683.4,683.4,2015,26
15,15.1,15.1.1,AG_LND_FRSTN,Forest area (thousands of hectares),2019.Q3.G.01,60,Bermuda,21,Northern America,Country,BMU,0,-64.78155012,32.27881922,,HA_TH,Thousands of hectares,,,G,Global,,FAO Estimate,"FAO, Global Forest Resources Assessment",,E: Estimated data,1,1,1,1,1,2015,27
15,15.1,15.1.1,AG_LND_FRSTN,Forest area (thousands of hectares),2019.Q3.G.01,64,Bhutan,34,Southern Asia,Country,BTN,1,90.45098484,27.39598568,,HA_TH,Thousands of hectares,,,G,Global,,Official country data submitted to FAO,"FAO, Global Forest Resources Assessment",,C: Country data,2606.002,2655.647,2705.291,2754.935,2754.935,2015,28
15,15.1,15.1.1,AG_LND_FRSTN,Forest area (thousands of hectares),2019.Q3.G.01,68,Bolivia (Plurinational State of),5,South America,Country,BOL,1,-64.66224284,-16.71273412,,HA_TH,Thousands of hectares,,,G,Global,,Official country data submitted to FAO,"FAO, Global Forest Resources Assessment",,C: Country data,60091,58734,56209,54764,54764,2015,29
15,15.1,15.1.1,AG_LND_FRSTN,Forest area (thousands of hectares),2019.Q3.G.01,70,Bosnia and Herzegovina,39,Southern Europe,Country,BIH,1,17.78584332,44.16845548,,HA_TH,Thousands of hectares,,,G,Global,,FAO Estimate,"FAO, Global Forest Resources Assessment",,E: Estimated data,2185,2185,2185,2185,2185,2015,30
15,15.1,15.1.1,AG_LND_FRSTN,Forest area (thousands of hectares),2019.Q3.G.01,72,Botswana,18,Southern Africa,Country,BWA,1,23.81380223,-22.18810073,,HA_TH,Thousands of hectares,,,G,Global,,Official country data submitted to FAO,"FAO, Global Forest Resources Assessment",,C: Country data,12535,11943,11351,10840,10840,2015,31
15,15.1,15.1.1,AG_LND_FRSTN,Forest area (thousands of hectares),2019.Q3.G.01,74,Bouvet Island,5,South America,Country,BVT,0,3.410732868,-54.43295905,,,,,,,,,,,,,,,,,,,32
15,15.1,15.1.1,AG_LND_FRSTN,Forest area (thousands of hectares),2019.Q3.G.01,76,Brazil,5,South America,Country,BRA,1,-53.08432878,-10.77668561,,HA_TH,Thousands of hectares,,,G,Global,,Official country data submitted to FAO,"FAO, Global Forest Resources Assessment",,C: Country data,521274,506734,498458,493538,493538,2015,33
15,15.1,15.1.1,AG_LND_FRSTN,Forest area (thousands of hectares),2019.Q3.G.01,84,Belize,13,Central America,Country,BLZ,1,-88.70199554,17.19965901,,HA_TH,Thousands of hectares,,,G,Global,,FAO Estimate,"FAO, Global Forest Resources Assessment",,E: Estimated data,1459.301,1416.53,1391.391,1366.3,1366.3,2015,34
15,15.1,15.1.1,AG_LND_FRSTN,Forest area (thousands of hectares),2019.Q3.G.01,86,British Indian Ocean Territory,14,Eastern Africa,Country,IOT,0,72.38715553,-7.299281071,,HA_TH,Thousands of hectares,,,G,Global,[2000]: NA // [2005]: NA // [2010]: NA // [2015]: NA,NA = A figure was not provided.,"FAO, Global Forest Resources Assessment",,N: Non-relevant,,,,,,2015,35
15,15.1,15.1.1,AG_LND_FRSTN,Forest area (thousands of hectares),2019.Q3.G.01,90,Solomon Islands,54,Melanesia,Country,SLB,1,160.1584117,-9.622391719,,HA_TH,Thousands of hectares,,,G,Global,,FAO Estimate,"FAO, Global Forest Resources Assessment",,E: Estimated data,2268,2241,2213,2185,2185,2015,36
15,15.1,15.1.1,AG_LND_FRSTN,Forest area (thousands of hectares),2019.Q3.G.01,92,British Virgin Islands,29,Caribbean,Country,VGB,0,-64.63294223,18.42256578,,HA_TH,Thousands of hectares,,,G,Global,,FAO Estimate,"FAO, Global Forest Resources Assessment",,E: Estimated data,3.67,3.66,3.64,3.62,3.62,2015,37
15,15.1,15.1.1,AG_LND_FRSTN,Forest area (thousands of hectares),2019.Q3.G.01,96,Brunei Darussalam,35,South-Eastern Asia,Country,BRN,1,114.6288563,4.49736984,,HA_TH,Thousands of hectares,,,G,Global,,FAO Estimate,"FAO, Global Forest Resources Assessment",,E: Estimated data,397,389,380,380,380,2015,38
15,15.1,15.1.1,AG_LND_FRSTN,Forest area (thousands of hectares),2019.Q3.G.01,100,Bulgaria,151,Eastern Europe,Country,BGR,1,25.23763153,42.75731323,,HA_TH,Thousands of hectares,,,G,Global,,Official country data submitted to FAO,"FAO, Global Forest Resources Assessment",,C: Country data,3375,3651,3737,3823,3823,2015,39
15,15.1,15.1.1,AG_LND_FRSTN,Forest area (thousands of hectares),2019.Q3.G.01,104,Myanmar,35,South-Eastern Asia,Country,MMR,1,96.51752295,21.19332882,,HA_TH,Thousands of hectares,,,G,Global,,Official country data submitted to FAO,"FAO, Global Forest Resources Assessment",,C: Country data,34868,33321,31773,29041,29041,2015,40
15,15.1,15.1.1,AG_LND_FRSTN,Forest area (thousands of hectares),2019.Q3.G.01,108,Burundi,14,Eastern Africa,Country,BDI,1,29.89080992,-3.366387428,,HA_TH,Thousands of hectares,,,G,Global,,Official country data submitted to FAO,"FAO, Global Forest Resources Assessment",,C: Country data,198,181,253,276,276,2015,41
15,15.1,15.1.1,AG_LND_FRSTN,Forest area (thousands of hectares),2019.Q3.G.01,112,Belarus,151,Eastern Europe,Country,BLR,1,28.04940161,53.54193075,,HA_TH,Thousands of hectares,,,G,Global,,Official country data submitted to FAO,"FAO, Global Forest Resources Assessment",,C: Country data,8273,8436,8534,8633.5,8633.5,2015,42
15,15.1,15.1.1,AG_LND_FRSTN,Forest area (thousands of hectares),2019.Q3.G.01,116,Cambodia,35,South-Eastern Asia,Country,KHM,1,104.922836,12.71163737,,HA_TH,Thousands of hectares,,,G,Global,,Official country data submitted to FAO,"FAO, Global Forest Resources Assessment",,C: Country data,11546,10731,10094,9457,9457,2015,43
15,15.1,15.1.1,AG_LND_FRSTN,Forest area (thousands of hectares),2019.Q3.G.01,120,Cameroon,17,Middle Africa,Country,CMR,1,12.7419827,5.692387031,,HA_TH,Thousands of hectares,,,G,Global,,Official country data submitted to FAO,"FAO, Global Forest Resources Assessment",,C: Country data,22116,21016,19916,18816,18816,2015,44
15,15.1,15.1.1,AG_LND_FRSTN,Forest area (thousands of hectares),2019.Q3.G.01,124,Canada,21,Northern America,Country,CAN,1,-101.6575058,57.72360191,,HA_TH,Thousands of hectares,,,G,Global,,Official country data submitted to FAO,"FAO, Global Forest Resources Assessment",,C: Country data,347802,347576,347302,347069,347069,2015,45
15,15.1,15.1.1,AG_LND_FRSTN,Forest area (thousands of hectares),2019.Q3.G.01,132,Cabo Verde,11,Western Africa,Country,CPV,1,-23.63544151,15.07791834,,HA_TH,Thousands of hectares,,,G,Global,,Official country data submitted to FAO,"FAO, Global Forest Resources Assessment",,C: Country data,82.09,83.59,85.09,89.903,89.903,2015,46
15,15.1,15.1.1,AG_LND_FRSTN,Forest area (thousands of hectares),2019.Q3.G.01,136,Cayman Islands,29,Caribbean,Country,CYM,0,-81.16740559,19.32266656,,HA_TH,Thousands of hectares,,,G,Global,,FAO Estimate,"FAO, Global Forest Resources Assessment",,E: Estimated data,12.7,12.7,12.7,12.7,12.7,2015,47
15,15.1,15.1.1,AG_LND_FRSTN,Forest area (thousands of hectares),2019.Q3.G.01,140,Central African Republic,17,Middle Africa,Country,CAF,1,20.93559492,7.003720791,,HA_TH,Thousands of hectares,,,G,Global,,Official country data submitted to FAO,"FAO, Global Forest Resources Assessment",,C: Country data,22404,22326,22248,22170,22170,2015,48
15,15.1,15.1.1,AG_LND_FRSTN,Forest area (thousands of hectares),2019.Q3.G.01,144,Sri Lanka,34,Southern Asia,Country,LKA,1,80.70489654,7.614693343,,HA_TH,Thousands of hectares,,,G,Global,,Official country data submitted to FAO,"FAO, Global Forest Resources Assessment",,C: Country data,2192,2118,2103,2070,2070,2015,49
15,15.1,15.1.1,AG_LND_FRSTN,Forest area (thousands of hectares),2019.Q3.G.01,148,Chad,17,Middle Africa,Country,TCD,1,18.66618401,15.36279341,,HA_TH,Thousands of hectares,,,G,Global,,Official country data submitted to FAO,"FAO, Global Forest Resources Assessment",,C: Country data,6326,6141,5508,4875,4875,2015,50
15,15.1,15.1.1,AG_LND_FRSTN,Forest area (thousands of hectares),2019.Q3.G.01,152,Chile,5,South America,Country,CHL,1,-71.23029019,-35.2652885,,HA_TH,Thousands of hectares,,,G,Global,,Official country data submitted to FAO,"FAO, Global Forest Resources Assessment",,C: Country data,15834,16042,16231,17735,17735,2015,51
15,15.1,15.1.1,AG_LND_FRSTN,Forest area (thousands of hectares),2019.Q3.G.01,156,China,30,Eastern Asia,Country,CHN,1,104.1403375,32.30955217,,HA_TH,Thousands of hectares,,,G,Global,,Official country data submitted to FAO,"FAO, Global Forest Resources Assessment",,C: Country data,177000.5,193043.9,200610.3,208321.3,208321.3,2015,52
15,15.1,15.1.1,AG_LND_FRSTN,Forest area (thousands of hectares),2019.Q3.G.01,162,Christmas Island,53,Australia and New Zealand,Country,CXR,0,105.6426067,-10.4882473,,HA_TH,Thousands of hectares,,,G,Global,[2000]: NA // [2005]: NA // [2010]: NA // [2015]: NA,NA = A figure was not provided.,"FAO, Global Forest Resources Assessment",,N: Non-relevant,,,,,,2015,53
15,15.1,15.1.1,AG_LND_FRSTN,Forest area (thousands of hectares),2019.Q3.G.01,166,Cocos (Keeling) Islands,53,Australia and New Zealand,Country,CCK,0,96.82633757,-12.18600682,,HA_TH,Thousands of hectares,,,G,Global,[2000]: NA // [2005]: NA // [2010]: NA // [2015]: NA,NA = A figure was not provided.,"FAO, Global Forest Resources Assessment",,N: Non-relevant,,,,,,2015,54
15,15.1,15.1.1,AG_LND_FRSTN,Forest area (thousands of hectares),2019.Q3.G.01,170,Colombia,5,South America,Country,COL,1,-73.07446751,3.888209046,,HA_TH,Thousands of hectares,,,G,Global,,Official country data submitted to FAO,"FAO, Global Forest Resources Assessment",,C: Country data,61798.44,60201.36,58635.32,58501.74,58501.74,2015,55
15,15.1,15.1.1,AG_LND_FRSTN,Forest area (thousands of hectares),2019.Q3.G.01,174,Comoros,14,Eastern Africa,Country,COM,1,43.34234565,-11.66121732,,HA_TH,Thousands of hectares,,,G,Global,,FAO Estimate,"FAO, Global Forest Resources Assessment",,E: Estimated data,45,42,39,37,37,2015,56
15,15.1,15.1.1,AG_LND_FRSTN,Forest area (thousands of hectares),2019.Q3.G.01,175,Mayotte,14,Eastern Africa,Country,MYT,0,45.14015057,-12.82217691,,HA_TH,Thousands of hectares,,,G,Global,,FAO Estimate,"FAO, Global Forest Resources Assessment",,E: Estimated data,8.73,7.76,6.79,5.82,5.82,2015,57
15,15.1,15.1.1,AG_LND_FRSTN,Forest area (thousands of hectares),2019.Q3.G.01,178,Congo,11,Western Africa,Country,COG,1,15.22052612,-0.840544119,,HA_TH,Thousands of hectares,,,G,Global,,Official country data submitted to FAO,"FAO, Global Forest Resources Assessment",,C: Country data,22556,22471,22411,22334,22334,2015,58
15,15.1,15.1.1,AG_LND_FRSTN,Forest area (thousands of hectares),2019.Q3.G.01,180,Democratic Republic of the Congo,17,Middle Africa,Country,COD,1,23.65496507,-2.877154732,,HA_TH,Thousands of hectares,,,G,Global,,Official country data submitted to FAO,"FAO, Global Forest Resources Assessment",,C: Country data,157249,155692,154135,152578,152578,2015,59
15,15.1,15.1.1,AG_LND_FRSTN,Forest area (thousands of hectares),2019.Q3.G.01,184,Cook Islands,61,Polynesia,Country,COK,0,-159.7711391,-21.22696458,,HA_TH,Thousands of hectares,,,G,Global,,Official country data submitted to FAO,"FAO, Global Forest Resources Assessment",,C: Country data,15.1,15.1,15.1,15.1,15.1,2015,60
15,15.1,15.1.1,AG_LND_FRSTN,Forest area (thousands of hectares),2019.Q3.G.01,188,Costa Rica,13,Central America,Country,CRI,1,-84.19712782,9.970998683,,HA_TH,Thousands of hectares,,,G,Global,,Official country data submitted to FAO,"FAO, Global Forest Resources Assessment",,C: Country data,2376,2491,2605,2756,2756,2015,61
15,15.1,15.1.1,AG_LND_FRSTN,Forest area (thousands of hectares),2019.Q3.G.01,191,Croatia,39,Southern Europe,Country,HRV,1,17.95874553,45.45172212,,HA_TH,Thousands of hectares,,,G,Global,,Official country data submitted to FAO,"FAO, Global Forest Resources Assessment",,C: Country data,1885,1903,1920,1922,1922,2015,62
15,15.1,15.1.1,AG_LND_FRSTN,Forest area (thousands of hectares),2019.Q3.G.01,192,Cuba,29,Caribbean,Country,CUB,1,-79.54460144,22.10030366,,HA_TH,Thousands of hectares,,,G,Global,,Official country data submitted to FAO,"FAO, Global Forest Resources Assessment",,C: Country data,2435,2697,2932,3200,3200,2015,63
15,15.1,15.1.1,AG_LND_FRSTN,Forest area (thousands of hectares),2019.Q3.G.01,196,Cyprus,145,Western Asia,Country,CYP,1,33.22285964,35.05659437,,HA_TH,Thousands of hectares,,,G,Global,,Official country data submitted to FAO,"FAO, Global Forest Resources Assessment",,C: Country data,171.61,172.851,172.841,172.7,172.7,2015,64
15,15.1,15.1.1,AG_LND_FRSTN,Forest area (thousands of hectares),2019.Q3.G.01,203,Czechia,151,Eastern Europe,Country,CZE,1,15.33151382,49.73913871,,HA_TH,Thousands of hectares,,,G,Global,,Official country data submitted to FAO,"FAO, Global Forest Resources Assessment",,C: Country data,2637,2647,2657,2667,2667,2015,65
15,15.1,15.1.1,AG_LND_FRSTN,Forest area (thousands of hectares),2019.Q3.G.01,204,Benin,11,Western Africa,Country,BEN,1,2.339933594,9.65401646,,HA_TH,Thousands of hectares,,,G,Global,,Official country data submitted to FAO,"FAO, Global Forest Resources Assessment",,C: Country data,5061,4811,4561,4311,4311,2015,66
15,15.1,15.1.1,AG_LND_FRSTN,Forest area (thousands of hectares),2019.Q3.G.01,208,Denmark,154,Northern Europe,Country,DNK,1,9.326571283,56.03829721,,HA_TH,Thousands of hectares,,,G,Global,,Official country data submitted to FAO,"FAO, Global Forest Resources Assessment",,C: Country data,585.5,557.7,587.1,612.2,612.2,2015,67
15,15.1,15.1.1,AG_LND_FRSTN,Forest area (thousands of hectares),2019.Q3.G.01,212,Dominica,29,Caribbean,Country,DMA,1,-61.3493756,15.43391378,,HA_TH,Thousands of hectares,,,G,Global,,FAO Estimate,"FAO, Global Forest Resources Assessment",,E: Estimated data,47.33,45.99,44.66,43.33,43.33,2015,68
15,15.1,15.1.1,AG_LND_FRSTN,Forest area (thousands of hectares),2019.Q3.G.01,214,Dominican Republic,29,Caribbean,Country,DOM,1,-70.49847576,18.89832088,,HA_TH,Thousands of hectares,,,G,Global,,Official country data submitted to FAO,"FAO, Global Forest Resources Assessment",,C: Country data,1486,1652,1817,1983,1983,2015,69
15,15.1,15.1.1,AG_LND_FRSTN,Forest area (thousands of hectares),2019.Q3.G.01,218,Ecuador,5,South America,Country,ECU,1,-78.37005241,-1.447785891,,HA_TH,Thousands of hectares,,,G,Global,,Official country data submitted to FAO,"FAO, Global Forest Resources Assessment",,C: Country data,13728.916,13335.236,12941.556,12547.876,12547.876,2015,70
15,15.1,15.1.1,AG_LND_FRSTN,Forest area (thousands of hectares),2019.Q3.G.01,222,El Salvador,13,Central America,Country,SLV,1,-88.86862995,13.73603564,,HA_TH,Thousands of hectares,,,G,Global,,Official country data submitted to FAO,"FAO, Global Forest Resources Assessment",,C: Country data,332,309,287,265,265,2015,71
15,15.1,15.1.1,AG_LND_FRSTN,Forest area (thousands of hectares),2019.Q3.G.01,226,Equatorial Guinea,17,Middle Africa,Country,GNQ,1,10.46535826,1.565792376,,HA_TH,Thousands of hectares,,,G,Global,,Official country data submitted to FAO,"FAO, Global Forest Resources Assessment",,C: Country data,1743,1685,1626,1568,1568,2015,72
15,15.1,15.1.1,AG_LND_FRSTN,Forest area (thousands of hectares),2019.Q3.G.01,231,Ethiopia,14,Eastern Africa,Country,ETH,1,39.63505296,8.631223181,,HA_TH,Thousands of hectares,,,G,Global,,Official country data submitted to FAO,"FAO, Global Forest Resources Assessment",,C: Country data,13705,13000,12296,12499,12499,2015,73
15,15.1,15.1.1,AG_LND_FRSTN,Forest area (thousands of hectares),2019.Q3.G.01,232,Eritrea,14,Eastern Africa,Country,ERI,1,38.11074289,16.12894644,,HA_TH,Thousands of hectares,,,G,Global,,FAO Estimate,"FAO, Global Forest Resources Assessment",,E: Estimated data,1576,1554,1532,1510,1510,2015,74
15,15.1,15.1.1,AG_LND_FRSTN,Forest area (thousands of hectares),2019.Q3.G.01,233,Estonia,154,Northern Europe,Country,EST,1,25.84093481,58.68487172,,HA_TH,Thousands of hectares,,,G,Global,,Official country data submitted to FAO,"FAO, Global Forest Resources Assessment",,C: Country data,2243,2252,2234,2232,2232,2015,75
15,15.1,15.1.1,AG_LND_FRSTN,Forest area (thousands of hectares),2019.Q3.G.01,234,Faroe Islands,154,Northern Europe,Country,FRO,0,-7.122044325,62.21228119,,HA_TH,Thousands of hectares,,,G,Global,,FAO Estimate,"FAO, Global Forest Resources Assessment",,E: Estimated data,0.083,0.083,0.083,0.083,0.083,2015,76
15,15.1,15.1.1,AG_LND_FRSTN,Forest area (thousands of hectares),2019.Q3.G.01,238,Falkland Islands (Malvinas),5,South America,Country,FLK,0,-58.75246778,-51.74562601,,HA_TH,Thousands of hectares,,,G,Global,,FAO Estimate,"FAO, Global Forest Resources Assessment",,E: Estimated data,0,0,0,0,0,2015,77
15,15.1,15.1.1,AG_LND_FRSTN,Forest area (thousands of hectares),2019.Q3.G.01,239,South Georgia and the South Sandwich Islands,5,South America,Country,SGS,0,-36.90662765,-54.20736749,,HA_TH,Thousands of hectares,,,G,Global,[2000]: NA // [2005]: NA // [2010]: NA // [2015]: NA,NA = A figure was not provided.,"FAO, Global Forest Resources Assessment",,N: Non-relevant,,,,,,2015,78
15,15.1,15.1.1,AG_LND_FRSTN,Forest area (thousands of hectares),2019.Q3.G.01,242,Fiji,54,Melanesia,Country,FJI,1,177.9660884,-17.83301566,,HA_TH,Thousands of hectares,,,G,Global,,Official country data submitted to FAO,"FAO, Global Forest Resources Assessment",,C: Country data,980.44,997.26,992.896,1017.195,1017.195,2015,79
15,15.1,15.1.1,AG_LND_FRSTN,Forest area (thousands of hectares),2019.Q3.G.01,246,Finland,154,Northern Europe,Country,FIN,1,23.308447,61.91586738,,HA_TH,Thousands of hectares,,,G,Global,,Official country data submitted to FAO,"FAO, Global Forest Resources Assessment",,C: Country data,22445,22143,22218,22218,22218,2015,80
15,15.1,15.1.1,AG_LND_FRSTN,Forest area (thousands of hectares),2019.Q3.G.01,248,Åland Islands,154,Northern Europe,Country,ALA,0,19.80945969,60.1544901,,HA_TH,Thousands of hectares,,,G,Global,[2000]: NA // [2005]: NA // [2010]: NA // [2015]: NA,NA = A figure was not provided.,"FAO, Global Forest Resources Assessment",,N: Non-relevant,,,,,,2015,81
15,15.1,15.1.1,AG_LND_FRSTN,Forest area (thousands of hectares),2019.Q3.G.01,250,France,155,Western Europe,Country,FRA,1,2.457288129,46.62660861,,HA_TH,Thousands of hectares,,,G,Global,,Official country data submitted to FAO,"FAO, Global Forest Resources Assessment",,C: Country data,15289,15861,16424,16989,16989,2015,82
15,15.1,15.1.1,AG_LND_FRSTN,Forest area (thousands of hectares),2019.Q3.G.01,254,French Guiana,5,South America,Country,GUF,0,-53.23619089,3.922673437,,HA_TH,Thousands of hectares,,,G,Global,,Official country data submitted to FAO,"FAO, Global Forest Resources Assessment",,C: Country data,8182,8168,8138,8130,8130,2015,83
15,15.1,15.1.1,AG_LND_FRSTN,Forest area (thousands of hectares),2019.Q3.G.01,258,French Polynesia,61,Polynesia,Country,PYF,0,-149.4052367,-17.67709294,,HA_TH,Thousands of hectares,,,G,Global,,FAO Estimate,"FAO, Global Forest Resources Assessment",,E: Estimated data,105,130,155,155,155,2015,84
15,15.1,15.1.1,AG_LND_FRSTN,Forest area (thousands of hectares),2019.Q3.G.01,260,French Southern Territories,14,Eastern Africa,Country,ATF,0,69.64849091,-49.6068576,,HA_TH,Thousands of hectares,,,G,Global,[2000]: NA // [2005]: NA // [2010]: NA // [2015]: NA,NA = A figure was not provided.,"FAO, Global Forest Resources Assessment",,N: Non-relevant,,,,,,2015,85
15,15.1,15.1.1,AG_LND_FRSTN,Forest area (thousands of hectares),2019.Q3.G.01,262,Djibouti,14,Eastern Africa,Country,DJI,1,42.18274707,11.56004161,,HA_TH,Thousands of hectares,,,G,Global,,FAO Estimate,"FAO, Global Forest Resources Assessment",,E: Estimated data,5.6,5.6,5.6,5.6,5.6,2015,86
15,15.1,15.1.1,AG_LND_FRSTN,Forest area (thousands of hectares),2019.Q3.G.01,266,Gabon,17,Middle Africa,Country,GAB,1,11.78727747,-0.60687619,,HA_TH,Thousands of hectares,,,G,Global,,Official country data submitted to FAO,"FAO, Global Forest Resources Assessment",,C: Country data,22000,22000,22000,23000,23000,2015,87
15,15.1,15.1.1,AG_LND_FRSTN,Forest area (thousands of hectares),2019.Q3.G.01,268,Georgia,145,Western Asia,Country,GEO,1,43.3713615,42.04813028,,HA_TH,Thousands of hectares,,,G,Global,,Official country data submitted to FAO,"FAO, Global Forest Resources Assessment",,C: Country data,2760.6,2772.5,2822.4,2822.4,2822.4,2015,88
15,15.1,15.1.1,AG_LND_FRSTN,Forest area (thousands of hectares),2019.Q3.G.01,270,Gambia,11,Western Africa,Country,GMB,1,-15.39944785,13.45295927,,HA_TH,Thousands of hectares,,,G,Global,,Official country data submitted to FAO,"FAO, Global Forest Resources Assessment",,C: Country data,461,471,480,488,488,2015,89
15,15.1,15.1.1,AG_LND_FRSTN,Forest area (thousands of hectares),2019.Q3.G.01,275,State of Palestine,145,Western Asia,Country,PSE,0,35.25694122,31.94347933,,HA_TH,Thousands of hectares,,,G,Global,,FAO Estimate,"FAO, Global Forest Resources Assessment",,E: Estimated data,9.08,9.17,9.17,9.17,9.17,2015,90
15,15.1,15.1.1,AG_LND_FRSTN,Forest area (thousands of hectares),2019.Q3.G.01,276,Germany,155,Western Europe,Country,DEU,1,10.3806066,51.08862743,,HA_TH,Thousands of hectares,,,G,Global,,Official country data submitted to FAO,"FAO, Global Forest Resources Assessment",,C: Country data,11354,11384,11409,11419,11419,2015,91
15,15.1,15.1.1,AG_LND_FRSTN,Forest area (thousands of hectares),2019.Q3.G.01,288,Ghana,11,Western Africa,Country,GHA,1,-1.205623522,7.964825185,,HA_TH,Thousands of hectares,,,G,Global,,Official country data submitted to FAO,"FAO, Global Forest Resources Assessment",,C: Country data,8909,9053,9195,9337,9337,2015,92
15,15.1,15.1.1,AG_LND_FRSTN,Forest area (thousands of hectares),2019.Q3.G.01,292,Gibraltar,39,Southern Europe,Country,GIB,0,-5.347561686,36.13895036,,HA_TH,Thousands of hectares,,,G,Global,,FAO Estimate,"FAO, Global Forest Resources Assessment",,E: Estimated data,0,0,0,0,0,2015,93
15,15.1,15.1.1,AG_LND_FRSTN,Forest area (thousands of hectares),2019.Q3.G.01,296,Kiribati,57,Micronesia,Country,KIR,1,-157.5643005,1.768837732,,HA_TH,Thousands of hectares,,,G,Global,,FAO Estimate,"FAO, Global Forest Resources Assessment",,E: Estimated data,12.15,12.15,12.15,12.15,12.15,2015,94
15,15.1,15.1.1,AG_LND_FRSTN,Forest area (thousands of hectares),2019.Q3.G.01,300,Greece,39,Southern Europe,Country,GRC,1,22.58307827,39.47301873,,HA_TH,Thousands of hectares,,,G,Global,,FAO Estimate,"FAO, Global Forest Resources Assessment",,E: Estimated data,3601,3752,3903,4054,4054,2015,95
15,15.1,15.1.1,AG_LND_FRSTN,Forest area (thousands of hectares),2019.Q3.G.01,304,Greenland,21,Northern America,Country,GRL,0,-41.39371316,74.75625681,,HA_TH,Thousands of hectares,,,G,Global,,FAO Estimate,"FAO, Global Forest Resources Assessment",,E: Estimated data,0.22,0.22,0.22,0.22,0.22,2015,96
15,15.1,15.1.1,AG_LND_FRSTN,Forest area (thousands of hectares),2019.Q3.G.01,308,Grenada,29,Caribbean,Country,GRD,1,-61.68248568,12.11238395,,HA_TH,Thousands of hectares,,,G,Global,,FAO Estimate,"FAO, Global Forest Resources Assessment",,E: Estimated data,16.99,16.99,16.99,16.99,16.99,2015,97
15,15.1,15.1.1,AG_LND_FRSTN,Forest area (thousands of hectares),2019.Q3.G.01,312,Guadeloupe,29,Caribbean,Country,GLP,0,-61.64762115,16.14416917,,HA_TH,Thousands of hectares,,,G,Global,,Official country data submitted to FAO,"FAO, Global Forest Resources Assessment",,C: Country data,73.061,72.896,71.696,71.496,71.496,2015,98
15,15.1,15.1.1,AG_LND_FRSTN,Forest area (thousands of hectares),2019.Q3.G.01,316,Guam,57,Micronesia,Country,GUM,0,144.7029305,13.35485404,,HA_TH,Thousands of hectares,,,G,Global,,FAO Estimate,"FAO, Global Forest Resources Assessment",,E: Estimated data,25,25,25,25,25,2015,99
15,15.1,15.1.1,AG_LND_FRSTN,Forest area (thousands of hectares),2019.Q3.G.01,320,Guatemala,13,Central America,Country,GTM,1,-91.2312746,15.00273719,,HA_TH,Thousands of hectares,,,G,Global,,Official country data submitted to FAO,"FAO, Global Forest Resources Assessment",,C: Country data,4208,3938,3722,3540,3540,2015,100
15,15.1,15.1.1,AG_LND_FRSTN,Forest area (thousands of hectares),2019.Q3.G.01,324,Guinea,11,Western Africa,Country,GIN,1,-11.28173419,11.00210343,,HA_TH,Thousands of hectares,,,G,Global,,Official country data submitted to FAO,"FAO, Global Forest Resources Assessment",,C: Country data,6904,6724,6544,6364,6364,2015,101
15,15.1,15.1.1,AG_LND_FRSTN,Forest area (thousands of hectares),2019.Q3.G.01,328,Guyana,5,South America,Country,GUY,1,-58.97322037,4.788012784,,HA_TH,Thousands of hectares,,,G,Global,,Official country data submitted to FAO,"FAO, Global Forest Resources Assessment",,C: Country data,16622,16602,16576,16526,16526,2015,102
15,15.1,15.1.1,AG_LND_FRSTN,Forest area (thousands of hectares),2019.Q3.G.01,332,Haiti,29,Caribbean,Country,HTI,1,-72.33640958,18.40426539,,HA_TH,Thousands of hectares,,,G,Global,,Official country data submitted to FAO,"FAO, Global Forest Resources Assessment",,C: Country data,109,105,101,97,97,2015,103
15,15.1,15.1.1,AG_LND_FRSTN,Forest area (thousands of hectares),2019.Q3.G.01,334,Heard Island and McDonald Islands,53,Australia and New Zealand,Country,HMD,0,73.52633626,-53.09106147,,HA_TH,Thousands of hectares,,,G,Global,[2000]: NA // [2005]: NA // [2010]: NA // [2015]: NA,NA = A figure was not provided.,"FAO, Global Forest Resources Assessment",,N: Non-relevant,,,,,,2015,104
15,15.1,15.1.1,AG_LND_FRSTN,Forest area (thousands of hectares),2019.Q3.G.01,336,Holy See,39,Southern Europe,Country,VAT,0,12.45315803,41.90343751,,HA_TH,Thousands of hectares,,,G,Global,,FAO Estimate,"FAO, Global Forest Resources Assessment",,E: Estimated data,0,0,0,0,0,2015,105
15,15.1,15.1.1,AG_LND_FRSTN,Forest area (thousands of hectares),2019.Q3.G.01,340,Honduras,13,Central America,Country,HND,1,-86.59974381,14.82243161,,HA_TH,Thousands of hectares,,,G,Global,,Official country data submitted to FAO,"FAO, Global Forest Resources Assessment",,C: Country data,6392,5792,5192,4592,4592,2015,106
15,15.1,15.1.1,AG_LND_FRSTN,Forest area (thousands of hectares),2019.Q3.G.01,344,"China, Hong Kong Special Administrative Region",30,Eastern Asia,Country,HKG,0,114.0266445,22.41749934,,HA_TH,Thousands of hectares,,,G,Global,[2000]: NA // [2005]: NA // [2010]: NA // [2015]: NA,NA = A figure was not provided.,"FAO, Global Forest Resources Assessment",,N: Non-relevant,,,,,,2015,107
15,15.1,15.1.1,AG_LND_FRSTN,Forest area (thousands of hectares),2019.Q3.G.01,348,Hungary,151,Eastern Europe,Country,HUN,1,19.41221519,47.1651448,,HA_TH,Thousands of hectares,,,G,Global,,Official country data submitted to FAO,"FAO, Global Forest Resources Assessment",,C: Country data,1917,1983,2046,2069,2069,2015,108
15,15.1,15.1.1,AG_LND_FRSTN,Forest area (thousands of hectares),2019.Q3.G.01,352,Iceland,154,Northern Europe,Country,ISL,1,-19.02116966,64.79134763,,HA_TH,Thousands of hectares,,,G,Global,,Official country data submitted to FAO,"FAO, Global Forest Resources Assessment",,C: Country data,28.8,36.5,42.7,49.2,49.2,2015,109
15,15.1,15.1.1,AG_LND_FRSTN,Forest area (thousands of hectares),2019.Q3.G.01,356,India,34,Southern Asia,Country,IND,1,79.3608464,22.34642074,,HA_TH,Thousands of hectares,,,G,Global,,Official country data submitted to FAO,"FAO, Global Forest Resources Assessment",,C: Country data,65390,67709,69790,70682,70682,2015,110
15,15.1,15.1.1,AG_LND_FRSTN,Forest area (thousands of hectares),2019.Q3.G.01,360,Indonesia,35,South-Eastern Asia,Country,IDN,1,113.9174,-0.994582204,,HA_TH,Thousands of hectares,,,G,Global,,Official country data submitted to FAO,"FAO, Global Forest Resources Assessment",,C: Country data,99409,97857,94432,91010,91010,2015,111
15,15.1,15.1.1,AG_LND_FRSTN,Forest area (thousands of hectares),2019.Q3.G.01,364,Iran (Islamic Republic of),34,Southern Asia,Country,IRN,1,54.19766348,32.74370885,,HA_TH,Thousands of hectares,,,G,Global,,Official country data submitted to FAO,"FAO, Global Forest Resources Assessment",,C: Country data,9325.656,10691.98,10691.98,10691.98,10691.98,2015,112
15,15.1,15.1.1,AG_LND_FRSTN,Forest area (thousands of hectares),2019.Q3.G.01,368,Iraq,145,Western Asia,Country,IRQ,1,43.76606267,33.05013795,,HA_TH,Thousands of hectares,,,G,Global,,FAO Estimate,"FAO, Global Forest Resources Assessment",,E: Estimated data,818,825,825,825,825,2015,113
15,15.1,15.1.1,AG_LND_FRSTN,Forest area (thousands of hectares),2019.Q3.G.01,372,Ireland,154,Northern Europe,Country,IRL,1,-7.121425272,53.25274054,,HA_TH,Thousands of hectares,,,G,Global,,Official country data submitted to FAO,"FAO, Global Forest Resources Assessment",,C: Country data,634.951,694.835,725.635,754.016,754.016,2015,114
15,15.1,15.1.1,AG_LND_FRSTN,Forest area (thousands of hectares),2019.Q3.G.01,376,Israel,145,Western Asia,Country,ISR,1,34.62277992,31.06164552,,HA_TH,Thousands of hectares,,,G,Global,,Official country data submitted to FAO,"FAO, Global Forest Resources Assessment",,C: Country data,153,155,154,165,165,2015,115
15,15.1,15.1.1,AG_LND_FRSTN,Forest area (thousands of hectares),2019.Q3.G.01,380,Italy,39,Southern Europe,Country,ITA,1,12.57022427,42.79917282,,HA_TH,Thousands of hectares,,,G,Global,,Official country data submitted to FAO,"FAO, Global Forest Resources Assessment",,C: Country data,8369,8759,9028,9297,9297,2015,116
15,15.1,15.1.1,AG_LND_FRSTN,Forest area (thousands of hectares),2019.Q3.G.01,384,Côte d'Ivoire,11,Western Africa,Country,CIV,1,-5.552690016,7.62211586,,HA_TH,Thousands of hectares,,,G,Global,,FAO Estimate,"FAO, Global Forest Resources Assessment",,E: Estimated data,5094.45,4530.02,3965.58,3401.15,3401.15,2015,117
15,15.1,15.1.1,AG_LND_FRSTN,Forest area (thousands of hectares),2019.Q3.G.01,388,Jamaica,29,Caribbean,Country,JAM,1,-77.31068409,18.15616857,,HA_TH,Thousands of hectares,,,G,Global,,Official country data submitted to FAO,"FAO, Global Forest Resources Assessment",,C: Country data,340.9,339.2,337.1,335.2,335.2,2015,118
15,15.1,15.1.1,AG_LND_FRSTN,Forest area (thousands of hectares),2019.Q3.G.01,392,Japan,30,Eastern Asia,Country,JPN,1,139.2716103,36.6554539,,HA_TH,Thousands of hectares,,,G,Global,,Official country data submitted to FAO,"FAO, Global Forest Resources Assessment",,C: Country data,24876,24935,24966,24958,24958,2015,119
15,15.1,15.1.1,AG_LND_FRSTN,Forest area (thousands of hectares),2019.Q3.G.01,398,Kazakhstan,143,Central Asia,Country,KAZ,1,66.65359159,48.01963494,,HA_TH,Thousands of hectares,,,G,Global,,FAO Estimate,"FAO, Global Forest Resources Assessment",,E: Estimated data,3365,3337,3309,3309,3309,2015,120
15,15.1,15.1.1,AG_LND_FRSTN,Forest area (thousands of hectares),2019.Q3.G.01,400,Jordan,145,Western Asia,Country,JOR,1,37.13024774,30.65365973,,HA_TH,Thousands of hectares,,,G,Global,,FAO Estimate,"FAO, Global Forest Resources Assessment",,E: Estimated data,97.5,97.5,97.5,97.5,97.5,2015,121
15,15.1,15.1.1,AG_LND_FRSTN,Forest area (thousands of hectares),2019.Q3.G.01,404,Kenya,14,Eastern Africa,Country,KEN,1,37.86096816,0.534797278,,HA_TH,Thousands of hectares,,,G,Global,,Official country data submitted to FAO,"FAO, Global Forest Resources Assessment",,C: Country data,3557,4047,4230,4413,4413,2015,122
15,15.1,15.1.1,AG_LND_FRSTN,Forest area (thousands of hectares),2019.Q3.G.01,408,Democratic People's Republic of Korea,30,Eastern Asia,Country,PRK,1,127.1803633,40.1462645,,HA_TH,Thousands of hectares,,,G,Global,,FAO Estimate,"FAO, Global Forest Resources Assessment",,E: Estimated data,6933,6299,5666,5031,5031,2015,123
15,15.1,15.1.1,AG_LND_FRSTN,Forest area (thousands of hectares),2019.Q3.G.01,410,Republic of Korea,30,Eastern Asia,Country,KOR,1,127.8610254,36.45201023,,HA_TH,Thousands of hectares,,,G,Global,,Official country data submitted to FAO,"FAO, Global Forest Resources Assessment",,C: Country data,6288,6255,6222,6184,6184,2015,124
15,15.1,15.1.1,AG_LND_FRSTN,Forest area (thousands of hectares),2019.Q3.G.01,414,Kuwait,145,Western Asia,Country,KWT,1,47.49305029,29.53949468,,HA_TH,Thousands of hectares,,,G,Global,,FAO Estimate,"FAO, Global Forest Resources Assessment",,E: Estimated data,4.85,5.55,6.25,6.25,6.25,2015,125
15,15.1,15.1.1,AG_LND_FRSTN,Forest area (thousands of hectares),2019.Q3.G.01,417,Kyrgyzstan,143,Central Asia,Country,KGZ,1,74.52324839,41.46204516,,HA_TH,Thousands of hectares,,,G,Global,,Official country data submitted to FAO,"FAO, Global Forest Resources Assessment",,C: Country data,858.3,869.3,677,637,637,2015,126
15,15.1,15.1.1,AG_LND_FRSTN,Forest area (thousands of hectares),2019.Q3.G.01,418,Lao People's Democratic Republic,35,South-Eastern Asia,Country,LAO,1,101.9901968,20.27482773,,HA_TH,Thousands of hectares,,,G,Global,,Official country data submitted to FAO,"FAO, Global Forest Resources Assessment",,C: Country data,16525.99,16869.71,17815.56,18761.41,18761.41,2015,127
15,15.1,15.1.1,AG_LND_FRSTN,Forest area (thousands of hectares),2019.Q3.G.01,422,Lebanon,145,Western Asia,Country,LBN,1,35.89391711,33.92152458,,HA_TH,Thousands of hectares,,,G,Global,,Official country data submitted to FAO,"FAO, Global Forest Resources Assessment",,C: Country data,131,136.5,136.9,137.3,137.3,2015,128
15,15.1,15.1.1,AG_LND_FRSTN,Forest area (thousands of hectares),2019.Q3.G.01,426,Lesotho,18,Southern Africa,Country,LSO,1,28.25362195,-29.58041814,,HA_TH,Thousands of hectares,,,G,Global,,Official country data submitted to FAO,"FAO, Global Forest Resources Assessment",,C: Country data,42,43,44,49,49,2015,129
15,15.1,15.1.1,AG_LND_FRSTN,Forest area (thousands of hectares),2019.Q3.G.01,428,Latvia,154,Northern Europe,Country,LVA,1,26.42461876,56.64196636,,HA_TH,Thousands of hectares,,,G,Global,,Official country data submitted to FAO,"FAO, Global Forest Resources Assessment",,C: Country data,3241,3297,3354,3356,3356,2015,130
15,15.1,15.1.1,AG_LND_FRSTN,Forest area (thousands of hectares),2019.Q3.G.01,430,Liberia,11,Western Africa,Country,LBR,1,-9.311879038,6.448381009,,HA_TH,Thousands of hectares,,,G,Global,,Official country data submitted to FAO,"FAO, Global Forest Resources Assessment",,C: Country data,4629,4479,4329,4179,4179,2015,131
15,15.1,15.1.1,AG_LND_FRSTN,Forest area (thousands of hectares),2019.Q3.G.01,434,Libya,15,Northern Africa,Country,LBY,1,18.0295985,27.04042819,,HA_TH,Thousands of hectares,,,G,Global,,FAO Estimate,"FAO, Global Forest Resources Assessment",,E: Estimated data,217,217,217,217,217,2015,132
15,15.1,15.1.1,AG_LND_FRSTN,Forest area (thousands of hectares),2019.Q3.G.01,466,Mali,11,Western Africa,Country,MLI,1,-3.522016039,17.35311254,,HA_TH,Thousands of hectares,,,G,Global,,Official country data submitted to FAO,"FAO, Global Forest Resources Assessment",,C: Country data,5900,5505,5110,4715,4715,2015,133
15,15.1,15.1.1,AG_LND_FRSTN,Forest area (thousands of hectares),2019.Q3.G.01,470,Malta,39,Southern Europe,Country,MLT,1,14.44617519,35.89194275,,HA_TH,Thousands of hectares,,,G,Global,,FAO Estimate,"FAO, Global Forest Resources Assessment",,E: Estimated data,0.347,0.347,0.347,0.347,0.347,2015,134
15,15.1,15.1.1,AG_LND_FRSTN,Forest area (thousands of hectares),2019.Q3.G.01,474,Martinique,29,Caribbean,Country,MTQ,0,-60.91544135,14.56086108,,HA_TH,Thousands of hectares,,,G,Global,,Official country data submitted to FAO,"FAO, Global Forest Resources Assessment",,C: Country data,48.5,48.5,48.5,48.5,48.5,2015,135
15,15.1,15.1.1,AG_LND_FRSTN,Forest area (thousands of hectares),2019.Q3.G.01,478,Mauritania,11,Western Africa,Country,MRT,1,-10.33187259,20.26089546,,HA_TH,Thousands of hectares,,,G,Global,,Official country data submitted to FAO,"FAO, Global Forest Resources Assessment",,C: Country data,317,267,242,224.5,224.5,2015,136
15,15.1,15.1.1,AG_LND_FRSTN,Forest area (thousands of hectares),2019.Q3.G.01,480,Mauritius,14,Eastern Africa,Country,MUS,1,57.568022,-20.28581998,,HA_TH,Thousands of hectares,,,G,Global,,Official country data submitted to FAO,"FAO, Global Forest Resources Assessment",,C: Country data,41.9,38.2,38.4,38.6,38.6,2015,137
15,15.1,15.1.1,AG_LND_FRSTN,Forest area (thousands of hectares),2019.Q3.G.01,484,Mexico,13,Central America,Country,MEX,1,-102.5148166,23.93378032,,HA_TH,Thousands of hectares,,,G,Global,,Official country data submitted to FAO,"FAO, Global Forest Resources Assessment",,C: Country data,67856,67083,66498,66040,66040,2015,138
15,15.1,15.1.1,AG_LND_FRSTN,Forest area (thousands of hectares),2019.Q3.G.01,492,Monaco,155,Western Europe,Country,MCO,1,7.424214814,43.73532918,,HA_TH,Thousands of hectares,,,G,Global,,FAO Estimate,"FAO, Global Forest Resources Assessment",,E: Estimated data,0,0,0,0,0,2015,139
15,15.1,15.1.1,AG_LND_FRSTN,Forest area (thousands of hectares),2019.Q3.G.01,496,Mongolia,30,Eastern Asia,Country,MNG,1,103.0728057,46.83892054,,HA_TH,Thousands of hectares,,,G,Global,,Official country data submitted to FAO,"FAO, Global Forest Resources Assessment",,C: Country data,11717,11308,13039.2,12552.8,12552.8,2015,140
15,15.1,15.1.1,AG_LND_FRSTN,Forest area (thousands of hectares),2019.Q3.G.01,498,Republic of Moldova,151,Eastern Europe,Country,MDA,1,28.4650624,47.20236795,,HA_TH,Thousands of hectares,,,G,Global,,FAO Estimate,"FAO, Global Forest Resources Assessment",,E: Estimated data,324,363,386,409,409,2015,141
15,15.1,15.1.1,AG_LND_FRSTN,Forest area (thousands of hectares),2019.Q3.G.01,499,Montenegro,39,Southern Europe,Country,MNE,1,19.25214024,42.78717043,,HA_TH,Thousands of hectares,,,G,Global,,Official country data submitted to FAO,"FAO, Global Forest Resources Assessment",,C: Country data,626,626,827,827,827,2015,142
15,15.1,15.1.1,AG_LND_FRSTN,Forest area (thousands of hectares),2019.Q3.G.01,500,Montserrat,29,Caribbean,Country,MSR,0,-62.19261223,16.73558313,,HA_TH,Thousands of hectares,,,G,Global,,FAO Estimate,"FAO, Global Forest Resources Assessment",,E: Estimated data,2.5,2.5,2.5,2.5,2.5,2015,143
15,15.1,15.1.1,AG_LND_FRSTN,Forest area (thousands of hectares),2019.Q3.G.01,504,Morocco,15,Northern Africa,Country,MAR,1,-6.281942841,31.8440131,,HA_TH,Thousands of hectares,,,G,Global,,Official country data submitted to FAO,"FAO, Global Forest Resources Assessment",,C: Country data,4993,5401,5672,5632,5632,2015,144
15,15.1,15.1.1,AG_LND_FRSTN,Forest area (thousands of hectares),2019.Q3.G.01,508,Mozambique,14,Eastern Africa,Country,MOZ,1,38.18479941,-14.27963886,,HA_TH,Thousands of hectares,,,G,Global,,Official country data submitted to FAO,"FAO, Global Forest Resources Assessment",,C: Country data,41188,40079,38972,37940,37940,2015,145
15,15.1,15.1.1,AG_LND_FRSTN,Forest area (thousands of hectares),2019.Q3.G.01,512,Oman,145,Western Asia,Country,OMN,1,57.87743482,21.98805614,,HA_TH,Thousands of hectares,,,G,Global,,Official country data submitted to FAO,"FAO, Global Forest Resources Assessment",,C: Country data,2,2,2,2,2,2015,146
15,15.1,15.1.1,AG_LND_FRSTN,Forest area (thousands of hectares),2019.Q3.G.01,516,Namibia,18,Southern Africa,Country,NAM,1,17.21907885,-22.13817068,,HA_TH,Thousands of hectares,,,G,Global,,Official country data submitted to FAO,"FAO, Global Forest Resources Assessment",,C: Country data,8032,7661,7290,6919,6919,2015,147
15,15.1,15.1.1,AG_LND_FRSTN,Forest area (thousands of hectares),2019.Q3.G.01,520,Nauru,57,Micronesia,Country,NRU,1,166.92313,-0.528742623,,HA_TH,Thousands of hectares,,,G,Global,,FAO Estimate,"FAO, Global Forest Resources Assessment",,E: Estimated data,0,0,0,0,0,2015,148
15,15.1,15.1.1,AG_LND_FRSTN,Forest area (thousands of hectares),2019.Q3.G.01,524,Nepal,34,Southern Asia,Country,NPL,1,83.94678863,28.25866332,,HA_TH,Thousands of hectares,,,G,Global,,Official country data submitted to FAO,"FAO, Global Forest Resources Assessment",,C: Country data,3900,3636,3636,3636,3636,2015,149
15,15.1,15.1.1,AG_LND_FRSTN,Forest area (thousands of hectares),2019.Q3.G.01,528,Netherlands,155,Western Europe,Country,NLD,1,5.331480568,51.86728884,,HA_TH,Thousands of hectares,,,G,Global,,Official country data submitted to FAO,"FAO, Global Forest Resources Assessment",,C: Country data,360,365,373,376,376,2015,150
15,15.1,15.1.1,AG_LND_FRSTN,Forest area (thousands of hectares),2019.Q3.G.01,530,Netherlands Antilles,29,Caribbean,Country,ANT,0,-68.30676179,12.22720635,,,,,,,,,,,,,,,,,,,151
15,15.1,15.1.1,AG_LND_FRSTN,Forest area (thousands of hectares),2019.Q3.G.01,531,Curaçao,29,Caribbean,Country,CUW,0,-68.95033464,12.15058042,,HA_TH,Thousands of hectares,,,G,Global,,FAO Estimate,"FAO, Global Forest Resources Assessment",,E: Estimated data,0.077,0.077,0.077,0.077,0.077,2015,152
15,15.1,15.1.1,AG_LND_FRSTN,Forest area (thousands of hectares),2019.Q3.G.01,533,Aruba,29,Caribbean,Country,ABW,0,-69.97050586,12.50878756,,HA_TH,Thousands of hectares,,,G,Global,,FAO Estimate,"FAO, Global Forest Resources Assessment",,E: Estimated data,0.42,0.42,0.42,0.42,0.42,2015,153
15,15.1,15.1.1,AG_LND_FRSTN,Forest area (thousands of hectares),2019.Q3.G.01,534,Sint Maarten (Dutch part),29,Caribbean,Country,SXM,0,-63.06198692,18.03926508,,HA_TH,Thousands of hectares,,,G,Global,,FAO Estimate,"FAO, Global Forest Resources Assessment",,E: Estimated data,0.371,0.371,0.371,0.371,0.371,2015,154
15,15.1,15.1.1,AG_LND_FRSTN,Forest area (thousands of hectares),2019.Q3.G.01,540,New Caledonia,54,Melanesia,Country,NCL,0,165.5067368,-21.41742531,,HA_TH,Thousands of hectares,,,G,Global,,FAO Estimate,"FAO, Global Forest Resources Assessment",,E: Estimated data,839,839,839,839,839,2015,155
15,15.1,15.1.1,AG_LND_FRSTN,Forest area (thousands of hectares),2019.Q3.G.01,548,Vanuatu,54,Melanesia,Country,VUT,1,167.0679779,-15.34445547,,HA_TH,Thousands of hectares,,,G,Global,,FAO Estimate,"FAO, Global Forest Resources Assessment",,E: Estimated data,440,440,440,440,440,2015,156
15,15.1,15.1.1,AG_LND_FRSTN,Forest area (thousands of hectares),2019.Q3.G.01,554,New Zealand,53,Australia and New Zealand,Country,NZL,1,170.4755673,-43.98721568,,HA_TH,Thousands of hectares,,,G,Global,,Official country data submitted to FAO,"FAO, Global Forest Resources Assessment",,C: Country data,10139,10183,10151,10152,10152,2015,157
15,15.1,15.1.1,AG_LND_FRSTN,Forest area (thousands of hectares),2019.Q3.G.01,558,Nicaragua,13,Central America,Country,NIC,1,-85.03060315,12.84210839,,HA_TH,Thousands of hectares,,,G,Global,,Official country data submitted to FAO,"FAO, Global Forest Resources Assessment",,C: Country data,3814,3464,3114,3114,3114,2015,158
15,15.1,15.1.1,AG_LND_FRSTN,Forest area (thousands of hectares),2019.Q3.G.01,562,Niger,11,Western Africa,Country,NER,1,9.400167877,17.42143036,,HA_TH,Thousands of hectares,,,G,Global,,Official country data submitted to FAO,"FAO, Global Forest Resources Assessment",,C: Country data,1328,1266,1204,1142,1142,2015,159
15,15.1,15.1.1,AG_LND_FRSTN,Forest area (thousands of hectares),2019.Q3.G.01,566,Nigeria,11,Western Africa,Country,NGA,1,8.097363256,9.585789025,,HA_TH,Thousands of hectares,,,G,Global,,Official country data submitted to FAO,"FAO, Global Forest Resources Assessment",,C: Country data,13137,11089,9041,6993,6993,2015,160
15,15.1,15.1.1,AG_LND_FRSTN,Forest area (thousands of hectares),2019.Q3.G.01,570,Niue,61,Polynesia,Country,NIU,0,-169.8601693,-19.05000475,,HA_TH,Thousands of hectares,,,G,Global,,FAO Estimate,"FAO, Global Forest Resources Assessment",,E: Estimated data,19.6,19.1,18.6,18.1,18.1,2015,161
15,15.1,15.1.1,AG_LND_FRSTN,Forest area (thousands of hectares),2019.Q3.G.01,574,Norfolk Island,53,Australia and New Zealand,Country,NFK,0,167.9515548,-29.03230018,,HA_TH,Thousands of hectares,,,G,Global,,FAO Estimate,"FAO, Global Forest Resources Assessment",,E: Estimated data,0.46,0.46,0.46,0.46,0.46,2015,162
15,15.1,15.1.1,AG_LND_FRSTN,Forest area (thousands of hectares),2019.Q3.G.01,578,Norway,154,Northern Europe,Country,NOR,1,11.47846389,61.34311134,,HA_TH,Thousands of hectares,,,G,Global,,Official country data submitted to FAO,"FAO, Global Forest Resources Assessment",,C: Country data,12113,12092,12102,12112,12112,2015,163
15,15.1,15.1.1,AG_LND_FRSTN,Forest area (thousands of hectares),2019.Q3.G.01,580,Northern Mariana Islands,57,Micronesia,Country,MNP,0,145.7582114,15.19099517,,HA_TH,Thousands of hectares,,,G,Global,,FAO Estimate,"FAO, Global Forest Resources Assessment",,E: Estimated data,31.964,31.142,30.319,29.496,29.496,2015,164
15,15.1,15.1.1,AG_LND_FRSTN,Forest area (thousands of hectares),2019.Q3.G.01,581,United States Minor Outlying Islands,57,Micronesia,Country,UMI,0,-162.4343752,5.874443968,,HA_TH,Thousands of hectares,,,G,Global,[2000]: NA // [2005]: NA // [2010]: NA // [2015]: NA,NA = A figure was not provided.,"FAO, Global Forest Resources Assessment",,N: Non-relevant,,,,,,2015,165
15,15.1,15.1.1,AG_LND_FRSTN,Forest area (thousands of hectares),2019.Q3.G.01,583,Micronesia (Federated States of),57,Micronesia,Country,FSM,1,158.225216,6.880670092,,HA_TH,Thousands of hectares,,,G,Global,,FAO Estimate,"FAO, Global Forest Resources Assessment",,E: Estimated data,63.856,63.993,64.129,64.265,64.265,2015,166
15,15.1,15.1.1,AG_LND_FRSTN,Forest area (thousands of hectares),2019.Q3.G.01,584,Marshall Islands,57,Micronesia,Country,MHL,1,171.0839119,7.110213497,,HA_TH,Thousands of hectares,,,G,Global,,FAO Estimate,"FAO, Global Forest Resources Assessment",,E: Estimated data,12.636,12.636,12.636,12.636,12.636,2015,167
15,15.1,15.1.1,AG_LND_FRSTN,Forest area (thousands of hectares),2019.Q3.G.01,585,Palau,57,Micronesia,Country,PLW,1,134.5733878,7.502307591,,HA_TH,Thousands of hectares,,,G,Global,,Official country data submitted to FAO,"FAO, Global Forest Resources Assessment",,C: Country data,39.587,40.303,40.303,40.303,40.303,2015,168
15,15.1,15.1.1,AG_LND_FRSTN,Forest area (thousands of hectares),2019.Q3.G.01,586,Pakistan,34,Southern Asia,Country,PAK,1,68.80479684,29.36491634,,HA_TH,Thousands of hectares,,,G,Global,,FAO Estimate,"FAO, Global Forest Resources Assessment",,E: Estimated data,2116,1902,1687,1472,1472,2015,169
15,15.1,15.1.1,AG_LND_FRSTN,Forest area (thousands of hectares),2019.Q3.G.01,591,Panama,13,Central America,Country,PAN,1,-81.26616623,8.450965746,,HA_TH,Thousands of hectares,,,G,Global,,Official country data submitted to FAO,"FAO, Global Forest Resources Assessment",,C: Country data,4867,4782,4699,4617,4617,2015,170
15,15.1,15.1.1,AG_LND_FRSTN,Forest area (thousands of hectares),2019.Q3.G.01,598,Papua New Guinea,54,Melanesia,Country,PNG,1,145.8587761,-6.756057077,,HA_TH,Thousands of hectares,,,G,Global,,Official country data submitted to FAO,"FAO, Global Forest Resources Assessment",,C: Country data,33600,33586,33573,33559,33559,2015,171
15,15.1,15.1.1,AG_LND_FRSTN,Forest area (thousands of hectares),2019.Q3.G.01,600,Paraguay,5,South America,Country,PRY,1,-60.54854225,-21.70216237,,HA_TH,Thousands of hectares,,,G,Global,,Official country data submitted to FAO,"FAO, Global Forest Resources Assessment",,C: Country data,19368,18475,16950,15323,15323,2015,172
15,15.1,15.1.1,AG_LND_FRSTN,Forest area (thousands of hectares),2019.Q3.G.01,604,Peru,5,South America,Country,PER,1,-71.82093277,-13.58939705,,HA_TH,Thousands of hectares,,,G,Global,,Official country data submitted to FAO,"FAO, Global Forest Resources Assessment",,C: Country data,76147,75528,74811,73973,73973,2015,173
15,15.1,15.1.1,AG_LND_FRSTN,Forest area (thousands of hectares),2019.Q3.G.01,608,Philippines,35,South-Eastern Asia,Country,PHL,1,120.8601418,14.16591706,,HA_TH,Thousands of hectares,,,G,Global,,Official country data submitted to FAO,"FAO, Global Forest Resources Assessment",,C: Country data,7027,7074,6840,8040,8040,2015,174
15,15.1,15.1.1,AG_LND_FRSTN,Forest area (thousands of hectares),2019.Q3.G.01,612,Pitcairn,61,Polynesia,Country,PCN,0,-128.3225873,-24.37538456,,HA_TH,Thousands of hectares,,,G,Global,,FAO Estimate,"FAO, Global Forest Resources Assessment",,E: Estimated data,3.5,3.5,3.5,3.5,3.5,2015,175
15,15.1,15.1.1,AG_LND_FRSTN,Forest area (thousands of hectares),2019.Q3.G.01,616,Poland,151,Eastern Europe,Country,POL,1,19.40660158,52.1226733,,HA_TH,Thousands of hectares,,,G,Global,,Official country data submitted to FAO,"FAO, Global Forest Resources Assessment",,C: Country data,9059,9200,9329,9435,9435,2015,176
15,15.1,15.1.1,AG_LND_FRSTN,Forest area (thousands of hectares),2019.Q3.G.01,620,Portugal,39,Southern Europe,Country,PRT,1,-7.961599811,39.68509315,,HA_TH,Thousands of hectares,,,G,Global,,Official country data submitted to FAO,"FAO, Global Forest Resources Assessment",,C: Country data,3343,3296,3239,3182,3182,2015,177
15,15.1,15.1.1,AG_LND_FRSTN,Forest area (thousands of hectares),2019.Q3.G.01,624,Guinea-Bissau,11,Western Africa,Country,GNB,1,-14.40182514,12.11760394,,HA_TH,Thousands of hectares,,,G,Global,,FAO Estimate,"FAO, Global Forest Resources Assessment",,E: Estimated data,2120,2072,2022,1972,1972,2015,178
15,15.1,15.1.1,AG_LND_FRSTN,Forest area (thousands of hectares),2019.Q3.G.01,626,Timor-Leste,35,South-Eastern Asia,Country,TLS,1,125.9451052,-8.797497247,,HA_TH,Thousands of hectares,,,G,Global,,FAO Estimate,"FAO, Global Forest Resources Assessment",,E: Estimated data,854,798,742,686,686,2015,179
15,15.1,15.1.1,AG_LND_FRSTN,Forest area (thousands of hectares),2019.Q3.G.01,630,Puerto Rico,29,Caribbean,Country,PRI,0,-66.47591017,18.22753799,,HA_TH,Thousands of hectares,,,G,Global,,Official country data submitted to FAO,"FAO, Global Forest Resources Assessment",,C: Country data,450.09,462.87,479.41,495.95,495.95,2015,180
15,15.1,15.1.1,AG_LND_FRSTN,Forest area (thousands of hectares),2019.Q3.G.01,634,Qatar,145,Western Asia,Country,QAT,1,51.19152467,25.28355379,,HA_TH,Thousands of hectares,,,G,Global,,FAO Estimate,"FAO, Global Forest Resources Assessment",,E: Estimated data,0,0,0,0,0,2015,181
15,15.1,15.1.1,AG_LND_FRSTN,Forest area (thousands of hectares),2019.Q3.G.01,638,Réunion,14,Eastern Africa,Country,REU,0,55.53171398,-21.13183266,,HA_TH,Thousands of hectares,,,G,Global,,Official country data submitted to FAO,"FAO, Global Forest Resources Assessment",,C: Country data,87,85,88,88,88,2015,182
15,15.1,15.1.1,AG_LND_FRSTN,Forest area (thousands of hectares),2019.Q3.G.01,642,Romania,151,Eastern Europe,Country,ROU,1,24.98481009,45.83893563,,HA_TH,Thousands of hectares,,,G,Global,,Official country data submitted to FAO,"FAO, Global Forest Resources Assessment",,C: Country data,6366,6391,6515,6861,6861,2015,183
15,15.1,15.1.1,AG_LND_FRSTN,Forest area (thousands of hectares),2019.Q3.G.01,643,Russian Federation,151,Eastern Europe,Country,RUS,1,99.01404926,61.61899849,,HA_TH,Thousands of hectares,,,G,Global,,Official country data submitted to FAO,"FAO, Global Forest Resources Assessment",,C: Country data,809268.5,808790,815135.6,814930.5,814930.5,2015,184
15,15.1,15.1.1,AG_LND_FRSTN,Forest area (thousands of hectares),2019.Q3.G.01,646,Rwanda,14,Eastern Africa,Country,RWA,1,29.92310194,-1.999842114,,HA_TH,Thousands of hectares,,,G,Global,,Official country data submitted to FAO,"FAO, Global Forest Resources Assessment",,C: Country data,344,385,446,480,480,2015,185
15,15.1,15.1.1,AG_LND_FRSTN,Forest area (thousands of hectares),2019.Q3.G.01,652,Saint Barthélemy,29,Caribbean,Country,BLM,0,-62.83173536,17.89513362,,HA_TH,Thousands of hectares,,,G,Global,,FAO Estimate,"FAO, Global Forest Resources Assessment",,E: Estimated data,0,0,0,0,0,2015,186
15,15.1,15.1.1,AG_LND_FRSTN,Forest area (thousands of hectares),2019.Q3.G.01,654,Saint Helena,11,Western Africa,Country,SHN,0,-5.705752501,-15.96503946,,HA_TH,Thousands of hectares,,,G,Global,,FAO Estimate,"FAO, Global Forest Resources Assessment",,E: Estimated data,2,2,2,2,2,2015,187
15,15.1,15.1.1,AG_LND_FRSTN,Forest area (thousands of hectares),2019.Q3.G.01,659,Saint Kitts and Nevis,29,Caribbean,Country,KNA,1,-62.76628613,17.33994219,,HA_TH,Thousands of hectares,,,G,Global,,Official country data submitted to FAO,"FAO, Global Forest Resources Assessment",,C: Country data,11,11,11,11,11,2015,188
15,15.1,15.1.1,AG_LND_FRSTN,Forest area (thousands of hectares),2019.Q3.G.01,660,Anguilla,29,Caribbean,Country,AIA,0,-63.05651612,18.21525315,,HA_TH,Thousands of hectares,,,G,Global,,FAO Estimate,"FAO, Global Forest Resources Assessment",,E: Estimated data,5.5,5.5,5.5,5.5,5.5,2015,189
15,15.1,15.1.1,AG_LND_FRSTN,Forest area (thousands of hectares),2019.Q3.G.01,662,Saint Lucia,29,Caribbean,Country,LCA,1,-60.96529553,13.89405601,,HA_TH,Thousands of hectares,,,G,Global,,Official country data submitted to FAO,"FAO, Global Forest Resources Assessment",,C: Country data,21.2,20.9,20.6,20.3,20.3,2015,190
15,15.1,15.1.1,AG_LND_FRSTN,Forest area (thousands of hectares),2019.Q3.G.01,663,Saint Martin (French Part),29,Caribbean,Country,MAF,0,-63.04505461,18.0882685,,HA_TH,Thousands of hectares,,,G,Global,,Official country data submitted to FAO,"FAO, Global Forest Resources Assessment",,C: Country data,1.144,1.144,1.144,1.144,1.144,2015,191
15,15.1,15.1.1,AG_LND_FRSTN,Forest area (thousands of hectares),2019.Q3.G.01,666,Saint Pierre and Miquelon,21,Northern America,Country,SPM,0,-56.33682442,46.85812735,,HA_TH,Thousands of hectares,,,G,Global,,Official country data submitted to FAO,"FAO, Global Forest Resources Assessment",,C: Country data,3.2,3,2.9,2.8,2.8,2015,192
15,15.1,15.1.1,AG_LND_FRSTN,Forest area (thousands of hectares),2019.Q3.G.01,670,Saint Vincent and the Grenadines,29,Caribbean,Country,VCT,1,-61.19024321,13.24627968,,HA_TH,Thousands of hectares,,,G,Global,,FAO Estimate,"FAO, Global Forest Resources Assessment",,E: Estimated data,26,26,27,27,27,2015,193
15,15.1,15.1.1,AG_LND_FRSTN,Forest area (thousands of hectares),2019.Q3.G.01,674,San Marino,39,Southern Europe,Country,SMR,1,12.46329038,43.93841766,,HA_TH,Thousands of hectares,,,G,Global,,FAO Estimate,"FAO, Global Forest Resources Assessment",,E: Estimated data,0,0,0,0,0,2015,194
15,15.1,15.1.1,AG_LND_FRSTN,Forest area (thousands of hectares),2019.Q3.G.01,678,Sao Tome and Principe,17,Middle Africa,Country,STP,1,6.609772265,0.241554875,,HA_TH,Thousands of hectares,,,G,Global,,Official country data submitted to FAO,"FAO, Global Forest Resources Assessment",,C: Country data,56,56,53.6,53.6,53.6,2015,195
15,15.1,15.1.1,AG_LND_FRSTN,Forest area (thousands of hectares),2019.Q3.G.01,682,Saudi Arabia,145,Western Asia,Country,SAU,1,44.54763347,24.12594211,,HA_TH,Thousands of hectares,,,G,Global,,FAO Estimate,"FAO, Global Forest Resources Assessment",,E: Estimated data,977,977,977,977,977,2015,196
15,15.1,15.1.1,AG_LND_FRSTN,Forest area (thousands of hectares),2019.Q3.G.01,686,Senegal,11,Western Africa,Country,SEN,1,-14.46636926,14.35920905,,HA_TH,Thousands of hectares,,,G,Global,,Official country data submitted to FAO,"FAO, Global Forest Resources Assessment",,C: Country data,8898,8673,8473,8273,8273,2015,197
15,15.1,15.1.1,AG_LND_FRSTN,Forest area (thousands of hectares),2019.Q3.G.01,688,Serbia,39,Southern Europe,Country,SRB,1,20.805876,44.03145697,,HA_TH,Thousands of hectares,,,G,Global,,Official country data submitted to FAO,"FAO, Global Forest Resources Assessment",,C: Country data,2460,2476,2713,2720,2720,2015,198
15,15.1,15.1.1,AG_LND_FRSTN,Forest area (thousands of hectares),2019.Q3.G.01,690,Seychelles,14,Eastern Africa,Country,SYC,1,55.46561591,-4.678053059,,HA_TH,Thousands of hectares,,,G,Global,,Official country data submitted to FAO,"FAO, Global Forest Resources Assessment",,C: Country data,40.666,40.666,40.666,40.666,40.666,2015,199
15,15.1,15.1.1,AG_LND_FRSTN,Forest area (thousands of hectares),2019.Q3.G.01,694,Sierra Leone,11,Western Africa,Country,SLE,1,-11.78306584,8.568604164,,HA_TH,Thousands of hectares,,,G,Global,,Official country data submitted to FAO,"FAO, Global Forest Resources Assessment",,C: Country data,2922,2824,2726,3044,3044,2015,200
15,15.1,15.1.1,AG_LND_FRSTN,Forest area (thousands of hectares),2019.Q3.G.01,702,Singapore,35,South-Eastern Asia,Country,SGP,1,103.8107883,1.361009155,,HA_TH,Thousands of hectares,,,G,Global,,Official country data submitted to FAO,"FAO, Global Forest Resources Assessment",,C: Country data,16.35,16.35,16.35,16.35,16.35,2015,201
15,15.1,15.1.1,AG_LND_FRSTN,Forest area (thousands of hectares),2019.Q3.G.01,703,Slovakia,151,Eastern Europe,Country,SVK,1,19.48495604,48.70741446,,HA_TH,Thousands of hectares,,,G,Global,,Official country data submitted to FAO,"FAO, Global Forest Resources Assessment",,C: Country data,1921,1932,1939,1940,1940,2015,202
15,15.1,15.1.1,AG_LND_FRSTN,Forest area (thousands of hectares),2019.Q3.G.01,704,Viet Nam,35,South-Eastern Asia,Country,VNM,1,105.802499,10.09643079,,HA_TH,Thousands of hectares,,,G,Global,,Official country data submitted to FAO,"FAO, Global Forest Resources Assessment",,C: Country data,11727,13077,14128,14773,14773,2015,203
15,15.1,15.1.1,AG_LND_FRSTN,Forest area (thousands of hectares),2019.Q3.G.01,705,Slovenia,39,Southern Europe,Country,SVN,1,14.82209486,46.11958061,,HA_TH,Thousands of hectares,,,G,Global,,Official country data submitted to FAO,"FAO, Global Forest Resources Assessment",,C: Country data,1233,1243,1247,1248,1248,2015,204
15,15.1,15.1.1,AG_LND_FRSTN,Forest area (thousands of hectares),2019.Q3.G.01,706,Somalia,14,Eastern Africa,Country,SOM,1,46.20367477,4.406485729,,HA_TH,Thousands of hectares,,,G,Global,,Official country data submitted to FAO,"FAO, Global Forest Resources Assessment",,C: Country data,7515,7131,6747,6363,6363,2015,205
15,15.1,15.1.1,AG_LND_FRSTN,Forest area (thousands of hectares),2019.Q3.G.01,710,South Africa,18,Southern Africa,Country,ZAF,1,24.67184355,-29.99957544,,HA_TH,Thousands of hectares,,,G,Global,,Official country data submitted to FAO,"FAO, Global Forest Resources Assessment",,C: Country data,9241,9241,9241,9241,9241,2015,206
15,15.1,15.1.1,AG_LND_FRSTN,Forest area (thousands of hectares),2019.Q3.G.01,716,Zimbabwe,14,Eastern Africa,Country,ZWE,1,29.86909584,-19.00075492,,HA_TH,Thousands of hectares,,,G,Global,,Official country data submitted to FAO,"FAO, Global Forest Resources Assessment",,C: Country data,18894,17259,15624,14062,14062,2015,207
15,15.1,15.1.1,AG_LND_FRSTN,Forest area (thousands of hectares),2019.Q3.G.01,724,Spain,39,Southern Europe,Country,ESP,1,-3.554078296,40.39211472,,HA_TH,Thousands of hectares,,,G,Global,,Official country data submitted to FAO,"FAO, Global Forest Resources Assessment",,C: Country data,16976.94,17282.09,18247.2,18417.87,18417.87,2015,208
15,15.1,15.1.1,AG_LND_FRSTN,Forest area (thousands of hectares),2019.Q3.G.01,728,South Sudan,14,Eastern Africa,Country,SSD,1,30.32618773,7.290839152,,HA_TH,Thousands of hectares,,,G,Global,,Official country data submitted to FAO,"FAO, Global Forest Resources Assessment",,C: Country data,7157,7157,7157,7157,7157,2015,209
15,15.1,15.1.1,AG_LND_FRSTN,Forest area (thousands of hectares),2019.Q3.G.01,729,Sudan,15,Northern Africa,Country,SDN,0,29.95650159,16.02643066,,HA_TH,Thousands of hectares,,,G,Global,,Official country data submitted to FAO,"FAO, Global Forest Resources Assessment",,C: Country data,21826.163,20954.088,20082.012,19209.938,19209.938,2015,210
15,15.1,15.1.1,AG_LND_FRSTN,Forest area (thousands of hectares),2019.Q3.G.01,732,Western Sahara,15,Northern Africa,Country,ESH,0,-13.13515523,24.66265342,,HA_TH,Thousands of hectares,,,G,Global,,FAO Estimate,"FAO, Global Forest Resources Assessment",,E: Estimated data,707,707,707,707,707,2015,211
15,15.1,15.1.1,AG_LND_FRSTN,Forest area (thousands of hectares),2019.Q3.G.01,740,Suriname,5,South America,Country,SUR,1,-55.90626394,4.132603197,,HA_TH,Thousands of hectares,,,G,Global,,Official country data submitted to FAO,"FAO, Global Forest Resources Assessment",,C: Country data,15391,15371,15351,15332,15332,2015,212
15,15.1,15.1.1,AG_LND_FRSTN,Forest area (thousands of hectares),2019.Q3.G.01,744,Svalbard and Jan Mayen Islands,154,Northern Europe,Country,SJM,0,13.38071013,78.82894131,,HA_TH,Thousands of hectares,,,G,Global,,Official country data submitted to FAO,"FAO, Global Forest Resources Assessment",,C: Country data,0,0,0,0,0,2015,213
15,15.1,15.1.1,AG_LND_FRSTN,Forest area (thousands of hectares),2019.Q3.G.01,748,Eswatini,18,Southern Africa,Country,SWZ,1,31.50149288,-26.56471011,,HA_TH,Thousands of hectares,,,G,Global,,Official country data submitted to FAO,"FAO, Global Forest Resources Assessment",,C: Country data,518,541,563,586,586,2015,214
15,15.1,15.1.1,AG_LND_FRSTN,Forest area (thousands of hectares),2019.Q3.G.01,752,Sweden,154,Northern Europe,Country,SWE,1,14.3775338,60.60103109,,HA_TH,Thousands of hectares,,,G,Global,,Official country data submitted to FAO,"FAO, Global Forest Resources Assessment",,C: Country data,28163,28218,28073,28073,28073,2015,215
15,15.1,15.1.1,AG_LND_FRSTN,Forest area (thousands of hectares),2019.Q3.G.01,756,Switzerland,155,Western Europe,Country,CHE,1,8.223158,46.96617097,,HA_TH,Thousands of hectares,,,G,Global,,Official country data submitted to FAO,"FAO, Global Forest Resources Assessment",,C: Country data,1194,1217,1235,1254,1254,2015,216
15,15.1,15.1.1,AG_LND_FRSTN,Forest area (thousands of hectares),2019.Q3.G.01,760,Syrian Arab Republic,145,Western Asia,Country,SYR,1,38.50466565,35.01676176,,HA_TH,Thousands of hectares,,,G,Global,,FAO Estimate,"FAO, Global Forest Resources Assessment",,E: Estimated data,432,461,491,491,491,2015,217
15,15.1,15.1.1,AG_LND_FRSTN,Forest area (thousands of hectares),2019.Q3.G.01,762,Tajikistan,143,Central Asia,Country,TJK,1,69.294998,38.43069666,,HA_TH,Thousands of hectares,,,G,Global,,Official country data submitted to FAO,"FAO, Global Forest Resources Assessment",,C: Country data,410,410,410,412,412,2015,218
15,15.1,15.1.1,AG_LND_FRSTN,Forest area (thousands of hectares),2019.Q3.G.01,764,Thailand,35,South-Eastern Asia,Country,THA,1,101.0202951,15.13089239,,HA_TH,Thousands of hectares,,,G,Global,,Official country data submitted to FAO,"FAO, Global Forest Resources Assessment",,C: Country data,17011,16100,16249,16399,16399,2015,219
15,15.1,15.1.1,AG_LND_FRSTN,Forest area (thousands of hectares),2019.Q3.G.01,768,Togo,11,Western Africa,Country,TGO,1,0.97835765,8.532096072,,HA_TH,Thousands of hectares,,,G,Global,,Official country data submitted to FAO,"FAO, Global Forest Resources Assessment",,C: Country data,486,386,287,188,188,2015,220
15,15.1,15.1.1,AG_LND_FRSTN,Forest area (thousands of hectares),2019.Q3.G.01,772,Tokelau,61,Polynesia,Country,TKL,0,-171.8154473,-9.214545558,,HA_TH,Thousands of hectares,,,G,Global,,FAO Estimate,"FAO, Global Forest Resources Assessment",,E: Estimated data,0,0,0,0,0,2015,221
15,15.1,15.1.1,AG_LND_FRSTN,Forest area (thousands of hectares),2019.Q3.G.01,776,Tonga,61,Polynesia,Country,TON,1,-175.1959991,-21.19511329,,HA_TH,Thousands of hectares,,,G,Global,,Official country data submitted to FAO,"FAO, Global Forest Resources Assessment",,C: Country data,9,9,9,9,9,2015,222
15,15.1,15.1.1,AG_LND_FRSTN,Forest area (thousands of hectares),2019.Q3.G.01,780,Trinidad and Tobago,29,Caribbean,Country,TTO,1,-61.29389504,10.41877263,,HA_TH,Thousands of hectares,,,G,Global,,Official country data submitted to FAO,"FAO, Global Forest Resources Assessment",,C: Country data,233.6,230,226.4,234.476,234.476,2015,223
15,15.1,15.1.1,AG_LND_FRSTN,Forest area (thousands of hectares),2019.Q3.G.01,784,United Arab Emirates,145,Western Asia,Country,ARE,1,53.98279159,23.43322219,,HA_TH,Thousands of hectares,,,G,Global,,FAO Estimate,"FAO, Global Forest Resources Assessment",,E: Estimated data,310,312,317.3,322.6,322.6,2015,224
15,15.1,15.1.1,AG_LND_FRSTN,Forest area (thousands of hectares),2019.Q3.G.01,788,Tunisia,15,Northern Africa,Country,TUN,1,9.572737411,34.11439971,,HA_TH,Thousands of hectares,,,G,Global,,Official country data submitted to FAO,"FAO, Global Forest Resources Assessment",,C: Country data,837,915,990,1041,1041,2015,225
15,15.1,15.1.1,AG_LND_FRSTN,Forest area (thousands of hectares),2019.Q3.G.01,792,Turkey,145,Western Asia,Country,TUR,1,35.42890329,38.9899684,,HA_TH,Thousands of hectares,,,G,Global,,Official country data submitted to FAO,"FAO, Global Forest Resources Assessment",,C: Country data,10183,10662,11203,11715,11715,2015,226
15,15.1,15.1.1,AG_LND_FRSTN,Forest area (thousands of hectares),2019.Q3.G.01,795,Turkmenistan,143,Central Asia,Country,TKM,1,58.9787665,40.0912346,,HA_TH,Thousands of hectares,,,G,Global,,FAO Estimate,"FAO, Global Forest Resources Assessment",,E: Estimated data,4127,4127,4127,4127,4127,2015,227
15,15.1,15.1.1,AG_LND_FRSTN,Forest area (thousands of hectares),2019.Q3.G.01,796,Turks and Caicos Islands,29,Caribbean,Country,TCA,0,-71.745121,21.80780585,,HA_TH,Thousands of hectares,,,G,Global,,FAO Estimate,"FAO, Global Forest Resources Assessment",,E: Estimated data,34.4,34.4,34.4,34.4,34.4,2015,228
15,15.1,15.1.1,AG_LND_FRSTN,Forest area (thousands of hectares),2019.Q3.G.01,798,Tuvalu,61,Polynesia,Country,TUV,1,178.6679611,-7.460048071,,HA_TH,Thousands of hectares,,,G,Global,,FAO Estimate,"FAO, Global Forest Resources Assessment",,E: Estimated data,1,1,1,1,1,2015,229
15,15.1,15.1.1,AG_LND_FRSTN,Forest area (thousands of hectares),2019.Q3.G.01,800,Uganda,14,Eastern Africa,Country,UGA,1,32.39100438,1.279557331,,HA_TH,Thousands of hectares,,,G,Global,,Official country data submitted to FAO,"FAO, Global Forest Resources Assessment",,C: Country data,3869,3429,2753,2077,2077,2015,230
15,15.1,15.1.1,AG_LND_FRSTN,Forest area (thousands of hectares),2019.Q3.G.01,804,Ukraine,151,Eastern Europe,Country,UKR,1,31.40270802,49.00735945,,HA_TH,Thousands of hectares,,,G,Global,,Official country data submitted to FAO,"FAO, Global Forest Resources Assessment",,C: Country data,9510,9575,9548,9657,9657,2015,231
15,15.1,15.1.1,AG_LND_FRSTN,Forest area (thousands of hectares),2019.Q3.G.01,807,North Macedonia,39,Southern Europe,Country,MKD,1,21.7007909,41.60048068,,HA_TH,Thousands of hectares,,,G,Global,,FAO Estimate,"FAO, Global Forest Resources Assessment",,E: Estimated data,958,975,998,998,998,2015,232
15,15.1,15.1.1,AG_LND_FRSTN,Forest area (thousands of hectares),2019.Q3.G.01,818,Egypt,15,Northern Africa,Country,EGY,1,29.77468534,26.57438204,,HA_TH,Thousands of hectares,,,G,Global,,Official country data submitted to FAO,"FAO, Global Forest Resources Assessment",,C: Country data,59,67,70,73,73,2015,233
15,15.1,15.1.1,AG_LND_FRSTN,Forest area (thousands of hectares),2019.Q3.G.01,826,United Kingdom of Great Britain and Northern Ireland,154,Northern Europe,Country,GBR,1,-2.23830539,53.27691757,,HA_TH,Thousands of hectares,,,G,Global,,Official country data submitted to FAO,"FAO, Global Forest Resources Assessment",,C: Country data,2954,3021,3059,3144,3144,2015,234
15,15.1,15.1.1,AG_LND_FRSTN,Forest area (thousands of hectares),2019.Q3.G.01,831,Guernsey,830,Channel Islands,Country,GGY,0,-2.200712402,49.71561166,,HA_TH,Thousands of hectares,,,G,Global,,FAO Estimate,"FAO, Global Forest Resources Assessment",,E: Estimated data,0.2,0.2,0.2,0.2,0.2,2015,235
15,15.1,15.1.1,AG_LND_FRSTN,Forest area (thousands of hectares),2019.Q3.G.01,832,Jersey,830,Channel Islands,Country,JEY,0,-2.136773508,49.22353354,,HA_TH,Thousands of hectares,,,G,Global,,FAO Estimate,"FAO, Global Forest Resources Assessment",,E: Estimated data,0.6,0.6,0.6,0.6,0.6,2015,236
15,15.1,15.1.1,AG_LND_FRSTN,Forest area (thousands of hectares),2019.Q3.G.01,833,Isle of Man,154,Northern Europe,Country,IMN,0,-4.538190305,54.22880901,,HA_TH,Thousands of hectares,,,G,Global,,FAO Estimate,"FAO, Global Forest Resources Assessment",,E: Estimated data,3.46,3.46,3.46,3.46,3.46,2015,237
15,15.1,15.1.1,AG_LND_FRSTN,Forest area (thousands of hectares),2019.Q3.G.01,834,United Republic of Tanzania,14,Eastern Africa,Country,TZA,1,34.80521182,-6.265332606,,HA_TH,Thousands of hectares,,,G,Global,,Official country data submitted to FAO,"FAO, Global Forest Resources Assessment",,C: Country data,51920,49920,47920,46060,46060,2015,238
15,15.1,15.1.1,AG_LND_FRSTN,Forest area (thousands of hectares),2019.Q3.G.01,840,United States of America,21,Northern America,Country,USA,1,-99.13830311,39.5277871,,HA_TH,Thousands of hectares,,,G,Global,,Official country data submitted to FAO,"FAO, Global Forest Resources Assessment",,C: Country data,303536,304757,308720,310095,310095,2015,239
15,15.1,15.1.1,AG_LND_FRSTN,Forest area (thousands of hectares),2019.Q3.G.01,850,United States Virgin Islands,29,Caribbean,Country,VIR,0,-64.76960113,17.73297693,,HA_TH,Thousands of hectares,,,G,Global,,Official country data submitted to FAO,"FAO, Global Forest Resources Assessment",,C: Country data,20.47,18.73,18.16,17.6,17.6,2015,240
15,15.1,15.1.1,AG_LND_FRSTN,Forest area (thousands of hectares),2019.Q3.G.01,854,Burkina Faso,11,Western Africa,Country,BFA,1,-1.742843829,12.27491081,,HA_TH,Thousands of hectares,,,G,Global,,Official country data submitted to FAO,"FAO, Global Forest Resources Assessment",,C: Country data,6248,5949,5649,5350,5350,2015,241
15,15.1,15.1.1,AG_LND_FRSTN,Forest area (thousands of hectares),2019.Q3.G.01,858,Uruguay,5,South America,Country,URY,1,-56.01387025,-32.8002838,,HA_TH,Thousands of hectares,,,G,Global,,Official country data submitted to FAO,"FAO, Global Forest Resources Assessment",,C: Country data,1369.7,1521.8,1731.3,1845,1845,2015,242
15,15.1,15.1.1,AG_LND_FRSTN,Forest area (thousands of hectares),2019.Q3.G.01,860,Uzbekistan,143,Central Asia,Country,UZB,1,63.11944558,41.77560518,,HA_TH,Thousands of hectares,,,G,Global,,Official country data submitted to FAO,"FAO, Global Forest Resources Assessment",,C: Country data,3212,3295,3275.5,3219.9,3219.9,2015,243
15,15.1,15.1.1,AG_LND_FRSTN,Forest area (thousands of hectares),2019.Q3.G.01,862,Venezuela (Bolivarian Republic of),5,South America,Country,VEN,1,-66.15642084,7.121324748,,HA_TH,Thousands of hectares,,,G,Global,,Official country data submitted to FAO,"FAO, Global Forest Resources Assessment",,C: Country data,49151,47713,47505,46683,46683,2015,244
15,15.1,15.1.1,AG_LND_FRSTN,Forest area (thousands of hectares),2019.Q3.G.01,876,Wallis and Futuna Islands,61,Polynesia,Country,WLF,0,-176.2034788,-13.28471201,,HA_TH,Thousands of hectares,,,G,Global,,Official country data submitted to FAO,"FAO, Global Forest Resources Assessment",,C: Country data,5.81,5.81,5.82,5.83,5.83,2015,245
15,15.1,15.1.1,AG_LND_FRSTN,Forest area (thousands of hectares),2019.Q3.G.01,882,Samoa,61,Polynesia,Country,WSM,1,-172.4430749,-13.61541469,,HA_TH,Thousands of hectares,,,G,Global,,FAO Estimate,"FAO, Global Forest Resources Assessment",,E: Estimated data,171,171,171,171,171,2015,246
15,15.1,15.1.1,AG_LND_FRSTN,Forest area (thousands of hectares),2019.Q3.G.01,887,Yemen,145,Western Asia,Country,YEM,1,45.22389143,15.22242099,,HA_TH,Thousands of hectares,,,G,Global,,FAO Estimate,"FAO, Global Forest Resources Assessment",,E: Estimated data,549,549,549,549,549,2015,247
15,15.1,15.1.1,AG_LND_FRSTN,Forest area (thousands of hectares),2019.Q3.G.01,894,Zambia,14,Eastern Africa,Country,ZMB,1,27.850329,-14.59701056,,HA_TH,Thousands of hectares,,,G,Global,,Official country data submitted to FAO,"FAO, Global Forest Resources Assessment",,C: Country data,51134,50301,49468,48635,48635,2015,248
